Name,Version,Section,Homepage,Source,Architecture
accountsservice,0.6.45-1ubuntu1,admin,https://www.freedesktop.org/wiki/Software/AccountsService/,,amd64
acl,2.2.52-3build1,utils,http://savannah.nongnu.org/projects/acl/,,amd64
acpid,1:2.0.28-1ubuntu1,admin,http://sourceforge.net/projects/acpid2/,,amd64
adduser,3.116ubuntu1,admin,http://alioth.debian.org/projects/adduser/,,all
apache2,2.4.29-1ubuntu4.4,httpd,http://httpd.apache.org/,,amd64
apache2-bin,2.4.29-1ubuntu4.4,httpd,http://httpd.apache.org/,apache2,amd64
apache2-data,2.4.29-1ubuntu4.4,httpd,http://httpd.apache.org/,apache2,all
apache2-utils,2.4.29-1ubuntu4.4,httpd,http://httpd.apache.org/,apache2,amd64
apparmor,2.12-4ubuntu5.1,admin,http://apparmor.net/,,amd64
apport,2.20.9-0ubuntu7.4,utils,https://wiki.ubuntu.com/Apport,,all
apport-symptoms,0.20,utils,https://wiki.ubuntu.com/Apport,,all
apt,1.6.3ubuntu0.1,admin,,,amd64
apt-utils,1.6.3ubuntu0.1,admin,,apt,amd64
at,3.1.20-3.1ubuntu2,admin,http://blog.calhariz.com,,amd64
base-files,10.1ubuntu2.3,admin,,,amd64
base-passwd,3.5.44,admin,,,amd64
bash,4.4.18-2ubuntu1,shells,http://tiswww.case.edu/php/chet/bash/bashtop.html,,amd64
bash-completion,1:2.8-1ubuntu1,shells,https://github.com/scop/bash-completion,,all
bc,1.07.1-2,math,http://ftp.gnu.org/gnu/bc/,,amd64
bcache-tools,1.0.8-2build1,utils,http://bcache.evilpiepirate.org/,,amd64
bind9-host,1:9.11.3+dfsg-1ubuntu1.2,net,https://www.isc.org/downloads/bind/,bind9,amd64
bsdmainutils,11.1.2ubuntu1,utils,,,amd64
bsdutils,1:2.31.1-0.4ubuntu3.1,utils,,util-linux (2.31.1-0.4ubuntu3.1),amd64
btrfs-progs,4.15.1-1build1,admin,http://btrfs.wiki.kernel.org/,,amd64
btrfs-tools,4.15.1-1build1,oldlibs,http://btrfs.wiki.kernel.org/,btrfs-progs,amd64
busybox-initramfs,1:1.27.2-2ubuntu3,shells,http://www.busybox.net,busybox,amd64
busybox-static,1:1.27.2-2ubuntu3,shells,http://www.busybox.net,busybox,amd64
byobu,5.125-0ubuntu1,misc,http://byobu.org,,all
bzip2,1.0.6-8.1,utils,http://www.bzip.org/,,amd64
ca-certificates,20180409,misc,,,all
cifs-utils,2:6.8-1,otherosfs,http://www.samba.org/~jlayton/cifs-utils/,,amd64
cloud-guest-utils,0.30-0ubuntu5,admin,,cloud-utils,all
cloud-init,18.3-9-g2e62cb8a-0ubuntu1~18.04.2,admin,,,all
cloud-initramfs-copymods,0.40ubuntu1,admin,http://launchpad.net/cloud-initramfs-tools,cloud-initramfs-tools,all
cloud-initramfs-dyn-netconf,0.40ubuntu1,admin,http://launchpad.net/cloud-initramfs-tools,cloud-initramfs-tools,all
command-not-found,18.04.5,admin,,,all
command-not-found-data,18.04.5,admin,,command-not-found,amd64
console-setup,1.178ubuntu2.7,utils,,,all
console-setup-linux,1.178ubuntu2.7,utils,,console-setup,all
coreutils,8.28-1ubuntu1,utils,http://gnu.org/software/coreutils,,amd64
cpio,2.12+dfsg-6,utils,http://www.gnu.org/software/cpio/,,amd64
cron,3.0pl1-128.1ubuntu1,admin,http://ftp.isc.org/isc/cron/,,amd64
cryptsetup,2:2.0.2-1ubuntu1.1,admin,https://gitlab.com/cryptsetup/cryptsetup,,amd64
cryptsetup-bin,2:2.0.2-1ubuntu1.1,admin,https://gitlab.com/cryptsetup/cryptsetup,cryptsetup,amd64
curl,7.58.0-2ubuntu3.3,web,http://curl.haxx.se,,amd64
dash,0.5.8-2.10,shells,http://gondor.apana.org.au/~herbert/dash/,,amd64
dbus,1.12.2-1ubuntu1,devel,http://dbus.freedesktop.org/,,amd64
debconf,1.5.66,admin,,,all
debconf-i18n,1.5.66,admin,,debconf,all
debianutils,4.8.4,utils,,,amd64
diffutils,1:3.6-1,utils,http://www.gnu.org/software/diffutils/,,amd64
dirmngr,2.2.4-1ubuntu1.1,utils,https://www.gnupg.org/,gnupg2,amd64
distro-info-data,0.37ubuntu0.1,devel,,,all
dmeventd,2:1.02.145-4.1ubuntu3,admin,http://sources.redhat.com/lvm2/,lvm2 (2.02.176-4.1ubuntu3),amd64
dmidecode,3.1-1,utils,http://nongnu.org/dmidecode/,,amd64
dmsetup,2:1.02.145-4.1ubuntu3,admin,http://sources.redhat.com/lvm2/,lvm2 (2.02.176-4.1ubuntu3),amd64
dns-root-data,2018013001,misc,https://data.iana.org/root-anchors/,,all
dnsmasq-base,2.79-1,net,http://www.thekelleys.org.uk/dnsmasq/doc.html,dnsmasq,amd64
dnsutils,1:9.11.3+dfsg-1ubuntu1.2,net,https://www.isc.org/downloads/bind/,bind9,amd64
dosfstools,4.1-1,otherosfs,https://github.com/dosfstools/dosfstools,,amd64
dpkg,1.19.0.5ubuntu2,admin,https://wiki.debian.org/Teams/Dpkg,,amd64
e2fsprogs,1.44.1-1,admin,http://e2fsprogs.sourceforge.net,,amd64
eatmydata,105-6,utils,https://launchpad.net/libeatmydata,libeatmydata,all
ebtables,2.0.10.4-3.5ubuntu2.18.04.3,net,http://ebtables.sourceforge.net,,amd64
ed,1.10-2.1,editors,http://www.gnu.org/software/ed/,,amd64
efibootmgr,15-1,admin,,,amd64
eject,2.1.5+deb1+cvs20081104-13.2,utils,http://www.pobox.com/~tranter/eject.html,,amd64
ethtool,1:4.15-0ubuntu1,net,https://www.kernel.org/pub/software/network/ethtool/,,amd64
fdisk,2.31.1-0.4ubuntu3.1,utils,,util-linux,amd64
file,1:5.32-2ubuntu0.1,utils,http://www.darwinsys.com/file/,,amd64
findutils,4.6.0+git+20170828-2,utils,https://savannah.gnu.org/projects/findutils/,,amd64
fonts-ubuntu-console,0.83-2,non-free/fonts,https://design.ubuntu.com/font/,fonts-ubuntu,all
friendly-recovery,0.2.38,admin,,,all
ftp,0.17-34,net,,netkit-ftp,amd64
fuse,2.9.7-1ubuntu1,utils,https://github.com/libfuse/libfuse/wiki,,amd64
gawk,1:4.1.4+dfsg-1build1,interpreters,http://www.gnu.org/software/gawk/,,amd64
gcc-8-base,8.2.0-1ubuntu2~18.04,libs,http://gcc.gnu.org/,gcc-8,amd64
gdisk,1.0.3-1,admin,http://sourceforge.net/projects/gptfdisk/,,amd64
geoip-database,20180315-1,net,http://www.maxmind.com/,,all
gettext-base,0.19.8.1-6,utils,http://www.gnu.org/software/gettext/,gettext,amd64
gir1.2-glib-2.0,1.56.1-1,introspection,https://wiki.gnome.org/GObjectIntrospection,gobject-introspection,amd64
git,1:2.17.1-1ubuntu0.3,vcs,https://git-scm.com/,,amd64
git-man,1:2.17.1-1ubuntu0.3,doc,https://git-scm.com/,git,all
gnupg,2.2.4-1ubuntu1.1,utils,https://www.gnupg.org/,gnupg2,amd64
gnupg-l10n,2.2.4-1ubuntu1.1,localization,https://www.gnupg.org/,gnupg2,all
gnupg-utils,2.2.4-1ubuntu1.1,utils,https://www.gnupg.org/,gnupg2,amd64
gpg,2.2.4-1ubuntu1.1,utils,https://www.gnupg.org/,gnupg2,amd64
gpg-agent,2.2.4-1ubuntu1.1,utils,https://www.gnupg.org/,gnupg2,amd64
gpg-wks-client,2.2.4-1ubuntu1.1,utils,https://www.gnupg.org/,gnupg2,amd64
gpg-wks-server,2.2.4-1ubuntu1.1,utils,https://www.gnupg.org/,gnupg2,amd64
gpgconf,2.2.4-1ubuntu1.1,utils,https://www.gnupg.org/,gnupg2,amd64
gpgsm,2.2.4-1ubuntu1.1,utils,https://www.gnupg.org/,gnupg2,amd64
gpgv,2.2.4-1ubuntu1.1,utils,https://www.gnupg.org/,gnupg2,amd64
grep,3.1-2,utils,http://www.gnu.org/software/grep/,,amd64
groff-base,1.22.3-10,text,https://www.gnu.org/software/groff/,groff,amd64
grub-common,2.02-2ubuntu8.4,admin,http://www.gnu.org/software/grub/,grub2,amd64
grub-efi-amd64,2.02-2ubuntu8.4,admin,http://www.gnu.org/software/grub/,grub2,amd64
grub-efi-amd64-bin,2.02-2ubuntu8.4,admin,http://www.gnu.org/software/grub/,grub2,amd64
grub-efi-amd64-signed,1.93.5+2.02-2ubuntu8.4,utils,,grub2-signed (1.93.5),amd64
grub-gfxpayload-lists,0.7,admin,,,amd64
grub-pc,2.02-2ubuntu8.4,admin,http://www.gnu.org/software/grub/,grub2,amd64
grub-pc-bin,2.02-2ubuntu8.4,admin,http://www.gnu.org/software/grub/,grub2,amd64
grub2-common,2.02-2ubuntu8.4,admin,http://www.gnu.org/software/grub/,grub2,amd64
gzip,1.6-5ubuntu1,utils,,,amd64
hdparm,9.54+ds-1,admin,http://sourceforge.net/projects/hdparm/,,amd64
hostname,3.20,admin,,,amd64
htop,2.1.0-3,utils,https://hisham.hm/htop/,,amd64
info,6.5.0.dfsg.1-2,doc,,texinfo,amd64
init,1.51,metapackages,,init-system-helpers,amd64
init-system-helpers,1.51,admin,,,all
initramfs-tools,0.130ubuntu3.3,utils,,,all
initramfs-tools-bin,0.130ubuntu3.3,utils,,initramfs-tools,amd64
initramfs-tools-core,0.130ubuntu3.3,utils,,initramfs-tools,all
install-info,6.5.0.dfsg.1-2,doc,,texinfo,amd64
iproute2,4.15.0-2ubuntu1,net,https://wiki.linuxfoundation.org/networking/iproute2,,amd64
iptables,1.6.1-2ubuntu2,net,http://www.netfilter.org/,,amd64
iputils-ping,3:20161105-1ubuntu2,net,,iputils,amd64
iputils-tracepath,3:20161105-1ubuntu2,net,,iputils,amd64
irqbalance,1.3.0-0.1,utils,https://github.com/Irqbalance/irqbalance,,amd64
isc-dhcp-client,4.3.5-3ubuntu7,net,http://www.isc.org,isc-dhcp,amd64
isc-dhcp-common,4.3.5-3ubuntu7,net,http://www.isc.org,isc-dhcp,amd64
iso-codes,3.79-1,misc,https://salsa.debian.org/iso-codes-team/iso-codes,,all
kbd,2.0.4-2ubuntu1,utils,http://www.kbd-project.org/,,amd64
keyboard-configuration,1.178ubuntu2.7,utils,,console-setup,all
klibc-utils,2.0.4-9ubuntu2,libs,https://git.kernel.org/cgit/libs/klibc/klibc.git,klibc,amd64
kmod,24-1ubuntu3,admin,,,amd64
krb5-locales,1.16-2build1,localization,http://web.mit.edu/kerberos/,krb5,all
landscape-common,18.01-0ubuntu3.1,admin,,landscape-client,amd64
language-selector-common,0.188.1,admin,,language-selector,all
less,487-0.1,text,http://www.greenwoodsoftware.com/less/,,amd64
libaccountsservice0,0.6.45-1ubuntu1,libs,https://www.freedesktop.org/wiki/Software/AccountsService/,accountsservice,amd64
libacl1,2.2.52-3build1,libs,http://savannah.nongnu.org/projects/acl/,acl,amd64
libapparmor1,2.12-4ubuntu5.1,libs,http://apparmor.net/,apparmor,amd64
libapr1,1.6.3-2,libs,http://apr.apache.org/,apr,amd64
libaprutil1,1.6.1-2,libs,http://apr.apache.org/,apr-util,amd64
libaprutil1-dbd-sqlite3,1.6.1-2,libs,http://apr.apache.org/,apr-util,amd64
libaprutil1-ldap,1.6.1-2,libs,http://apr.apache.org/,apr-util,amd64
libapt-inst2.0,1.6.3ubuntu0.1,libs,,apt,amd64
libapt-pkg5.0,1.6.3ubuntu0.1,libs,,apt,amd64
libargon2-0,0~20161029-1.1,libs,https://github.com/P-H-C/phc-winner-argon2,argon2,amd64
libasn1-8-heimdal,7.5.0+dfsg-1,libs,http://www.h5l.org/,heimdal,amd64
libassuan0,2.5.1-2,libs,https://www.gnupg.org/related_software/libassuan/index.html,libassuan,amd64
libatm1,1:2.5.1-2build1,libs,http://linux-atm.sourceforge.net/,linux-atm,amd64
libattr1,1:2.4.47-2build1,libs,http://savannah.nongnu.org/projects/attr/,attr,amd64
libaudit-common,1:2.8.2-1ubuntu1,libs,https://people.redhat.com/sgrubb/audit/,audit,all
libaudit1,1:2.8.2-1ubuntu1,libs,https://people.redhat.com/sgrubb/audit/,audit,amd64
libavahi-client3,0.7-3.1ubuntu1.1,libs,http://avahi.org/,avahi,amd64
libavahi-common-data,0.7-3.1ubuntu1.1,libs,http://avahi.org/,avahi,amd64
libavahi-common3,0.7-3.1ubuntu1.1,libs,http://avahi.org/,avahi,amd64
libbind9-160,1:9.11.3+dfsg-1ubuntu1.2,libs,https://www.isc.org/downloads/bind/,bind9,amd64
libblkid1,2.31.1-0.4ubuntu3.1,libs,,util-linux,amd64
libbsd0,0.8.7-1,libs,https://libbsd.freedesktop.org/,libbsd,amd64
libbz2-1.0,1.0.6-8.1,libs,http://www.bzip.org/,bzip2,amd64
libc-bin,2.27-3ubuntu1,libs,https://www.gnu.org/software/libc/libc.html,glibc,amd64
libc6,2.27-3ubuntu1,libs,https://www.gnu.org/software/libc/libc.html,glibc,amd64
libcap-ng0,0.7.7-3.1,libs,http://people.redhat.com/sgrubb/libcap-ng,libcap-ng,amd64
libcap2,1:2.25-1.2,libs,http://sites.google.com/site/fullycapable/,,amd64
libcap2-bin,1:2.25-1.2,utils,http://sites.google.com/site/fullycapable/,libcap2,amd64
libcom-err2,1.44.1-1,libs,http://e2fsprogs.sourceforge.net,e2fsprogs,amd64
libcryptsetup12,2:2.0.2-1ubuntu1.1,libs,https://gitlab.com/cryptsetup/cryptsetup,cryptsetup,amd64
libcups2,2.2.7-1ubuntu2.1,libs,https://www.cups.org/,cups,amd64
libcurl3-gnutls,7.58.0-2ubuntu3.3,libs,http://curl.haxx.se,curl,amd64
libcurl4,7.58.0-2ubuntu3.3,libs,http://curl.haxx.se,curl,amd64
libdb5.3,5.3.28-13.1ubuntu1,libs,http://www.oracle.com/technetwork/database/database-technologies/berkeleydb/overview/index.html,db5.3,amd64
libdbus-1-3,1.12.2-1ubuntu1,libs,http://dbus.freedesktop.org/,dbus,amd64
libdebconfclient0,0.213ubuntu1,libs,,cdebconf,amd64
libdevmapper-event1.02.1,2:1.02.145-4.1ubuntu3,libs,http://sources.redhat.com/lvm2/,lvm2 (2.02.176-4.1ubuntu3),amd64
libdevmapper1.02.1,2:1.02.145-4.1ubuntu3,libs,http://sources.redhat.com/lvm2/,lvm2 (2.02.176-4.1ubuntu3),amd64
libdns-export1100,1:9.11.3+dfsg-1ubuntu1.2,libs,https://www.isc.org/downloads/bind/,bind9,amd64
libdns1100,1:9.11.3+dfsg-1ubuntu1.2,libs,https://www.isc.org/downloads/bind/,bind9,amd64
libdrm-common,2.4.91-2,libs,https://cgit.freedesktop.org/mesa/drm/,libdrm,all
libdrm2,2.4.91-2,libs,https://cgit.freedesktop.org/mesa/drm/,libdrm,amd64
libdumbnet1,1.12-7build1,libs,http://code.google.com/p/libdnet/,libdumbnet,amd64
libdw1,0.170-0.4,libs,https://sourceware.org/elfutils/,elfutils,amd64
libeatmydata1,105-6,utils,https://launchpad.net/libeatmydata,libeatmydata,amd64
libedit2,3.1-20170329-1,libs,http://www.thrysoee.dk/editline/,libedit,amd64
libefiboot1,34-1,libs,https://github.com/rhinstaller/efivar,efivar,amd64
libefivar1,34-1,libs,https://github.com/rhinstaller/efivar,efivar,amd64
libelf1,0.170-0.4,libs,https://sourceware.org/elfutils/,elfutils,amd64
liberror-perl,0.17025-1,perl,https://metacpan.org/release/Error,,all
libestr0,0.1.10-2.1,libs,http://libestr.sourceforge.net/,libestr,amd64
libevent-2.1-6,2.1.8-stable-4build1,libs,http://libevent.org/,libevent,amd64
libexpat1,2.2.5-3,libs,https://libexpat.github.io/,expat,amd64
libext2fs2,1.44.1-1,libs,http://e2fsprogs.sourceforge.net,e2fsprogs,amd64
libfastjson4,0.99.8-2,libs,https://github.com/rsyslog/libfastjson,libfastjson,amd64
libfdisk1,2.31.1-0.4ubuntu3.1,libs,,util-linux,amd64
libffi6,3.2.1-8,libs,,libffi,amd64
libfreetype6,2.8.1-2ubuntu2,libs,http://www.freetype.org,freetype,amd64
libfribidi0,0.19.7-2,libs,http://www.fribidi.org/,fribidi,amd64
libfuse2,2.9.7-1ubuntu1,libs,https://github.com/libfuse/libfuse/wiki,fuse,amd64
libgcc1,1:8.2.0-1ubuntu2~18.04,libs,http://gcc.gnu.org/,gcc-8 (8.2.0-1ubuntu2~18.04),amd64
libgcrypt20,1.8.1-4ubuntu1.1,libs,http://directory.fsf.org/project/libgcrypt/,,amd64
libgdbm-compat4,1.14.1-6,libs,https://gnu.org/software/gdbm,gdbm,amd64
libgdbm5,1.14.1-6,libs,https://gnu.org/software/gdbm,gdbm,amd64
libgeoip1,1.6.12-1,libs,https://www.maxmind.com/,geoip,amd64
libgirepository-1.0-1,1.56.1-1,libs,https://wiki.gnome.org/GObjectIntrospection,gobject-introspection,amd64
libglib2.0-0,2.56.2-0ubuntu0.18.04.2,libs,http://www.gtk.org/,glib2.0,amd64
libglib2.0-data,2.56.2-0ubuntu0.18.04.2,misc,http://www.gtk.org/,glib2.0,all
libgmp10,2:6.1.2+dfsg-2,libs,http://gmplib.org/,gmp,amd64
libgnutls30,3.5.18-1ubuntu1,libs,http://www.gnutls.org/,gnutls28,amd64
libgpg-error0,1.27-6,libs,https://www.gnupg.org/related_software/libgpg-error/,libgpg-error,amd64
libgpm2,1.20.7-5,libs,https://nico.schottelius.org/software/gpm/,gpm,amd64
libgssapi-krb5-2,1.16-2build1,libs,http://web.mit.edu/kerberos/,krb5,amd64
libgssapi3-heimdal,7.5.0+dfsg-1,libs,http://www.h5l.org/,heimdal,amd64
libhcrypto4-heimdal,7.5.0+dfsg-1,libs,http://www.h5l.org/,heimdal,amd64
libheimbase1-heimdal,7.5.0+dfsg-1,libs,http://www.h5l.org/,heimdal,amd64
libheimntlm0-heimdal,7.5.0+dfsg-1,libs,http://www.h5l.org/,heimdal,amd64
libhogweed4,3.4-1,libs,http://www.lysator.liu.se/~nisse/nettle/,nettle,amd64
libhx509-5-heimdal,7.5.0+dfsg-1,libs,http://www.h5l.org/,heimdal,amd64
libicu60,60.2-3ubuntu3,libs,http://www.icu-project.org,icu,amd64
libidn11,1.33-2.1ubuntu1,libs,https://www.gnu.org/software/libidn/,libidn,amd64
libidn2-0,2.0.4-1.1build2,libs,https://www.gnu.org/software/libidn/#libidn2,libidn2,amd64
libip4tc0,1.6.1-2ubuntu2,libs,http://www.netfilter.org/,iptables,amd64
libip6tc0,1.6.1-2ubuntu2,libs,http://www.netfilter.org/,iptables,amd64
libiptc0,1.6.1-2ubuntu2,libs,http://www.netfilter.org/,iptables,amd64
libirs160,1:9.11.3+dfsg-1ubuntu1.2,libs,https://www.isc.org/downloads/bind/,bind9,amd64
libisc-export169,1:9.11.3+dfsg-1ubuntu1.2,libs,https://www.isc.org/downloads/bind/,bind9,amd64
libisc169,1:9.11.3+dfsg-1ubuntu1.2,libs,https://www.isc.org/downloads/bind/,bind9,amd64
libisccc160,1:9.11.3+dfsg-1ubuntu1.2,libs,https://www.isc.org/downloads/bind/,bind9,amd64
libisccfg160,1:9.11.3+dfsg-1ubuntu1.2,libs,https://www.isc.org/downloads/bind/,bind9,amd64
libisns0,0.97-2build1,libs,https://github.com/open-iscsi/open-isns,open-isns,amd64
libjansson4,2.11-1,libs,http://www.digip.org/jansson/,jansson,amd64
libjson-c3,0.12.1-1.3,libs,https://github.com/json-c/json-c/wiki,json-c,amd64
libk5crypto3,1.16-2build1,libs,http://web.mit.edu/kerberos/,krb5,amd64
libkeyutils1,1.5.9-9.2ubuntu2,libs,http://people.redhat.com/~dhowells/keyutils/,keyutils,amd64
libklibc,2.0.4-9ubuntu2,libs,https://git.kernel.org/cgit/libs/klibc/klibc.git,klibc,amd64
libkmod2,24-1ubuntu3,libs,,kmod,amd64
libkrb5-26-heimdal,7.5.0+dfsg-1,libs,http://www.h5l.org/,heimdal,amd64
libkrb5-3,1.16-2build1,libs,http://web.mit.edu/kerberos/,krb5,amd64
libkrb5support0,1.16-2build1,libs,http://web.mit.edu/kerberos/,krb5,amd64
libksba8,1.3.5-2,libs,http://www.gnupg.org/related_software/libksba/,libksba,amd64
libldap-2.4-2,2.4.45+dfsg-1ubuntu1,libs,http://www.openldap.org/,openldap,amd64
libldap-common,2.4.45+dfsg-1ubuntu1,libs,http://www.openldap.org/,openldap,all
libldb1,2:1.2.3-1,libs,http://ldb.samba.org/,ldb,amd64
liblocale-gettext-perl,1.07-3build2,perl,https://metacpan.org/release/gettext,,amd64
liblua5.2-0,5.2.4-1.1build1,libs,http://www.lua.org,lua5.2,amd64
liblvm2app2.2,2.02.176-4.1ubuntu3,libs,http://sources.redhat.com/lvm2/,lvm2,amd64
liblvm2cmd2.02,2.02.176-4.1ubuntu3,libs,http://sources.redhat.com/lvm2/,lvm2,amd64
liblwres160,1:9.11.3+dfsg-1ubuntu1.2,libs,https://www.isc.org/downloads/bind/,bind9,amd64
liblxc-common,3.0.1-0ubuntu1~18.04.2,admin,https://linuxcontainers.org,lxc,amd64
liblxc1,3.0.1-0ubuntu1~18.04.2,libs,https://linuxcontainers.org,lxc,amd64
liblz4-1,0.0~r131-2ubuntu3,libs,https://github.com/Cyan4973/lz4,lz4,amd64
liblzma5,5.2.2-1.3,libs,http://tukaani.org/xz/,xz-utils,amd64
liblzo2-2,2.08-1.2,libs,http://www.oberhumer.com/opensource/lzo/,lzo2,amd64
libmagic-mgc,1:5.32-2ubuntu0.1,libs,http://www.darwinsys.com/file/,file,amd64
libmagic1,1:5.32-2ubuntu0.1,libs,http://www.darwinsys.com/file/,file,amd64
libmnl0,1.0.4-2,libs,http://netfilter.org/projects/libmnl/,libmnl,amd64
libmount1,2.31.1-0.4ubuntu3.1,libs,,util-linux,amd64
libmpdec2,2.4.2-1ubuntu1,libs,http://www.bytereef.org/mpdecimal/index.html,mpdecimal,amd64
libmpfr6,4.0.1-1,libs,http://www.mpfr.org/,mpfr4,amd64
libmspack0,0.6-3ubuntu0.1,libs,https://www.cabextract.org.uk/libmspack/,libmspack,amd64
libncurses5,6.1-1ubuntu1.18.04,libs,https://invisible-island.net/ncurses/,ncurses,amd64
libncursesw5,6.1-1ubuntu1.18.04,libs,https://invisible-island.net/ncurses/,ncurses,amd64
libnetfilter-conntrack3,1.0.6-2,libs,http://www.netfilter.org/projects/libnetfilter_conntrack/,libnetfilter-conntrack,amd64
libnettle6,3.4-1,libs,http://www.lysator.liu.se/~nisse/nettle/,nettle,amd64
libnewt0.52,0.52.20-1ubuntu1,libs,https://fedorahosted.org/newt/,newt,amd64
libnfnetlink0,1.0.1-3,libs,,libnfnetlink,amd64
libnghttp2-14,1.30.0-1ubuntu1,libs,https://nghttp2.org/,nghttp2,amd64
libnih1,1.0.3-6ubuntu2,libs,https://launchpad.net/libnih,libnih,amd64
libnpth0,1.5-3,libs,https://www.gnupg.org/,npth,amd64
libnss-systemd,237-3ubuntu10.3,admin,https://www.freedesktop.org/wiki/Software/systemd,systemd,amd64
libntfs-3g88,1:2017.3.23-2,libs,http://www.tuxera.com/community/ntfs-3g-advanced/,ntfs-3g,amd64
libnuma1,2.0.11-2.1,libs,http://oss.sgi.com/projects/libnuma/,numactl,amd64
libp11-kit0,0.23.9-2,libs,http://p11-glue.freedesktop.org/p11-kit.html,p11-kit,amd64
libpam-cap,1:2.25-1.2,libs,http://sites.google.com/site/fullycapable/,libcap2,amd64
libpam-modules,1.1.8-3.6ubuntu2,admin,http://www.linux-pam.org/,pam,amd64
libpam-modules-bin,1.1.8-3.6ubuntu2,admin,http://www.linux-pam.org/,pam,amd64
libpam-runtime,1.1.8-3.6ubuntu2,admin,http://www.linux-pam.org/,pam,all
libpam-systemd,237-3ubuntu10.3,admin,https://www.freedesktop.org/wiki/Software/systemd,systemd,amd64
libpam0g,1.1.8-3.6ubuntu2,libs,http://www.linux-pam.org/,pam,amd64
libparted2,3.2-20,libs,http://www.gnu.org/software/parted,parted,amd64
libpcap0.8,1.8.1-6ubuntu1,libs,http://www.tcpdump.org/,libpcap,amd64
libpci3,1:3.5.2-1ubuntu1,libs,http://atrey.karlin.mff.cuni.cz/~mj/pciutils.shtml,pciutils,amd64
libpcre3,2:8.39-9,libs,,pcre3,amd64
libperl5.26,5.26.1-6ubuntu0.2,libs,http://dev.perl.org/perl5/,perl,amd64
libpipeline1,1.5.0-1,libs,http://libpipeline.nongnu.org/,libpipeline,amd64
libplymouth4,0.9.3-1ubuntu7.18.04.1,libs,http://www.freedesktop.org/wiki/Software/Plymouth,plymouth,amd64
libpng16-16,1.6.34-1ubuntu0.18.04.1,libs,http://libpng.org/pub/png/libpng.html,libpng1.6,amd64
libpolkit-agent-1-0,0.105-20ubuntu0.18.04.1,libs,https://www.freedesktop.org/wiki/Software/polkit/,policykit-1,amd64
libpolkit-backend-1-0,0.105-20ubuntu0.18.04.1,libs,https://www.freedesktop.org/wiki/Software/polkit/,policykit-1,amd64
libpolkit-gobject-1-0,0.105-20ubuntu0.18.04.1,libs,https://www.freedesktop.org/wiki/Software/polkit/,policykit-1,amd64
libpopt0,1.16-11,libs,http://rpm5.org/,popt,amd64
libprocps6,2:3.3.12-3ubuntu1.1,libs,https://gitlab.com/procps-ng/procps,procps,amd64
libpsl5,0.19.1-5build1,libs,https://github.com/rockdaboot/libpsl,libpsl,amd64
libpython-stdlib,2.7.15~rc1-1,python,http://www.python.org/,python-defaults,amd64
libpython2.7,2.7.15~rc1-1,libs,,python2.7,amd64
libpython2.7-minimal,2.7.15~rc1-1,python,,python2.7,amd64
libpython2.7-stdlib,2.7.15~rc1-1,python,,python2.7,amd64
libpython3-stdlib,3.6.5-3ubuntu1,python,http://www.python.org/,python3-defaults,amd64
libpython3.6,3.6.6-1~18.04,libs,,python3.6,amd64
libpython3.6-minimal,3.6.6-1~18.04,python,,python3.6,amd64
libpython3.6-stdlib,3.6.6-1~18.04,python,,python3.6,amd64
libreadline5,5.2+dfsg-3build1,libs,,readline5,amd64
libreadline7,7.0-3,libs,,readline,amd64
libroken18-heimdal,7.5.0+dfsg-1,libs,http://www.h5l.org/,heimdal,amd64
librtmp1,2.4+20151223.gitfa8646d.1-1,libs,http://rtmpdump.mplayerhq.hu/,rtmpdump,amd64
libsasl2-2,2.1.27~101-g0780600+dfsg-3ubuntu2,libs,https://www.cyrusimap.org/,cyrus-sasl2,amd64
libsasl2-modules,2.1.27~101-g0780600+dfsg-3ubuntu2,libs,https://www.cyrusimap.org/,cyrus-sasl2,amd64
libsasl2-modules-db,2.1.27~101-g0780600+dfsg-3ubuntu2,libs,https://www.cyrusimap.org/,cyrus-sasl2,amd64
libseccomp2,2.3.1-2.1ubuntu4,libs,https://github.com/seccomp/libseccomp,libseccomp,amd64
libselinux1,2.7-2build2,libs,http://userspace.selinuxproject.org/,libselinux,amd64
libsemanage-common,2.7-2build2,libs,http://userspace.selinuxproject.org/,libsemanage,all
libsemanage1,2.7-2build2,libs,http://userspace.selinuxproject.org/,libsemanage,amd64
libsepol1,2.7-1,libs,http://userspace.selinuxproject.org/,libsepol,amd64
libsigsegv2,2.12-1,libs,http://www.gnu.org/software/libsigsegv/,libsigsegv,amd64
libslang2,2.3.1a-3ubuntu1,libs,http://www.jedsoft.org/slang/,slang2,amd64
libsmartcols1,2.31.1-0.4ubuntu3.1,libs,,util-linux,amd64
libsqlite3-0,3.22.0-1,libs,http://www.sqlite.org/,sqlite3,amd64
libss2,1.44.1-1,libs,http://e2fsprogs.sourceforge.net,e2fsprogs,amd64
libssl1.0.0,1.0.2n-1ubuntu5.1,libs,https://www.openssl.org,openssl1.0,amd64
libssl1.1,1.1.0g-2ubuntu4.1,libs,https://www.openssl.org/,openssl,amd64
libstdc++6,8.2.0-1ubuntu2~18.04,libs,http://gcc.gnu.org/,gcc-8,amd64
libsystemd0,237-3ubuntu10.3,libs,https://www.freedesktop.org/wiki/Software/systemd,systemd,amd64
libtalloc2,2.1.10-2ubuntu1,libs,https://talloc.samba.org/,talloc,amd64
libtasn1-6,4.13-2,libs,http://www.gnu.org/software/libtasn1/,,amd64
libtdb1,1.3.15-2,libs,http://tdb.samba.org/,tdb,amd64
libtevent0,0.9.34-1,libs,https://tevent.samba.org/,tevent,amd64
libtext-charwidth-perl,0.04-7.1,perl,http://search.cpan.org/search?module=Text::CharWidth,,amd64
libtext-iconv-perl,1.7-5build6,perl,http://search.cpan.org/search?module=Text::Iconv,,amd64
libtext-wrapi18n-perl,0.06-7.1,perl,http://search.cpan.org/search?module=Text::WrapI18N,,all
libtinfo5,6.1-1ubuntu1.18.04,libs,https://invisible-island.net/ncurses/,ncurses,amd64
libudev1,237-3ubuntu10.3,libs,https://www.freedesktop.org/wiki/Software/systemd,systemd,amd64
libunistring2,0.9.9-0ubuntu1,libs,http://www.gnu.org/software/libunistring/,libunistring,amd64
libunwind8,1.2.1-8,libs,http://www.nongnu.org/libunwind,libunwind,amd64
libusb-1.0-0,2:1.0.21-2,libs,http://www.libusb.info,libusb-1.0,amd64
libutempter0,1.1.6-3,libs,http://git.altlinux.org/people/ldv/packages/?p=libutempter.git,libutempter,amd64
libuuid1,2.31.1-0.4ubuntu3.1,libs,,util-linux,amd64
libwbclient0,2:4.7.6+dfsg~ubuntu-0ubuntu2.2,libs,http://www.samba.org,samba,amd64
libwind0-heimdal,7.5.0+dfsg-1,libs,http://www.h5l.org/,heimdal,amd64
libwrap0,7.6.q-27,libs,,tcp-wrappers,amd64
libx11-6,2:1.6.4-3ubuntu0.1,libs,,libx11,amd64
libx11-data,2:1.6.4-3ubuntu0.1,x11,,libx11,all
libxau6,1:1.0.8-1,libs,,libxau,amd64
libxcb1,1.13-1,libs,https://xcb.freedesktop.org,libxcb,amd64
libxdmcp6,1:1.1.2-3,libs,,libxdmcp,amd64
libxext6,2:1.3.3-1,libs,,libxext,amd64
libxml2,2.9.4+dfsg1-6.1ubuntu1.2,libs,http://xmlsoft.org,,amd64
libxmlsec1,1.2.25-1build1,libs,http://www.aleksey.com/xmlsec/,xmlsec1,amd64
libxmlsec1-openssl,1.2.25-1build1,libs,http://www.aleksey.com/xmlsec/,xmlsec1,amd64
libxmuu1,2:1.1.2-2,libs,,libxmu,amd64
libxslt1.1,1.1.29-5,libs,http://xmlsoft.org/xslt/,libxslt,amd64
libxtables12,1.6.1-2ubuntu2,libs,http://www.netfilter.org/,iptables,amd64
libyaml-0-2,0.1.7-2ubuntu3,libs,http://pyyaml.org/wiki/LibYAML,libyaml,amd64
libzstd1,1.3.3+dfsg-2ubuntu1,libs,https://github.com/facebook/zstd,libzstd,amd64
linux-azure,4.15.0.1023.23,metapackages,,linux-meta-azure,amd64
linux-azure-cloud-tools-4.15.0-1023,4.15.0-1023.24,devel,,linux-azure,amd64
linux-azure-headers-4.15.0-1023,4.15.0-1023.24,devel,,linux-azure,all
linux-azure-tools-4.15.0-1023,4.15.0-1023.24,devel,,linux-azure,amd64
linux-base,4.5ubuntu1,kernel,,,all
linux-cloud-tools-4.15.0-1023-azure,4.15.0-1023.24,devel,,linux-azure,amd64
linux-cloud-tools-azure,4.15.0.1023.23,metapackages,,linux-meta-azure,amd64
linux-cloud-tools-common,4.15.0-36.39,kernel,,linux,all
linux-headers-4.15.0-1023-azure,4.15.0-1023.24,devel,,linux-azure,amd64
linux-headers-azure,4.15.0.1023.23,metapackages,,linux-meta-azure,amd64
linux-image-4.15.0-1023-azure,4.15.0-1023.24,kernel,,linux-signed-azure,amd64
linux-image-azure,4.15.0.1023.23,metapackages,,linux-meta-azure,amd64
linux-modules-4.15.0-1023-azure,4.15.0-1023.24,kernel,,linux-azure,amd64
linux-tools-4.15.0-1023-azure,4.15.0-1023.24,devel,,linux-azure,amd64
linux-tools-azure,4.15.0.1023.23,metapackages,,linux-meta-azure,amd64
linux-tools-common,4.15.0-36.39,kernel,,linux,all
locales,2.27-3ubuntu1,libs,https://www.gnu.org/software/libc/libc.html,glibc,all
login,1:4.5-1ubuntu1,admin,https://github.com/shadow-maint/shadow,shadow,amd64
logrotate,3.11.0-0.1ubuntu1,admin,https://github.com/logrotate/logrotate,,amd64
lsb-base,9.20170808ubuntu1,misc,https://wiki.linuxfoundation.org/lsb/start,lsb,all
lsb-release,9.20170808ubuntu1,misc,https://wiki.linuxfoundation.org/lsb/start,lsb,all
lshw,02.18-0.1ubuntu6.18.04.1,utils,,,amd64
lsof,4.89+dfsg-0.1,utils,http://people.freebsd.org/~abe/,,amd64
ltrace,0.7.3-6ubuntu1,utils,,,amd64
lvm2,2.02.176-4.1ubuntu3,admin,http://sources.redhat.com/lvm2/,,amd64
lxcfs,3.0.1-0ubuntu2~18.04.1,admin,https://linuxcontainers.org,,amd64
lxd,3.0.1-0ubuntu1~18.04.1,admin,https://linuxcontainers.org/,,amd64
lxd-client,3.0.1-0ubuntu1~18.04.1,admin,https://linuxcontainers.org/,lxd,amd64
man-db,2.8.3-2,doc,http://man-db.nongnu.org/,,amd64
manpages,4.15-1,doc,https://www.kernel.org/doc/man-pages/,,all
mawk,1.3.3-17ubuntu3,utils,,,amd64
mdadm,4.1~rc1-3~ubuntu18.04.1,admin,http://neil.brown.name/blog/mdadm,,amd64
mime-support,3.60ubuntu1,net,,,all
mlocate,0.26-2ubuntu3.1,utils,https://pagure.io/mlocate,,amd64
mokutil,0.3.0-0ubuntu5,admin,,,amd64
mount,2.31.1-0.4ubuntu3.1,admin,,util-linux,amd64
mtr-tiny,0.92-1,net,http://www.bitwizard.nl/mtr/,mtr,amd64
multiarch-support,2.27-3ubuntu1,oldlibs,https://www.gnu.org/software/libc/libc.html,glibc,amd64
nano,2.9.3-2,editors,https://www.nano-editor.org/,,amd64
ncurses-base,6.1-1ubuntu1.18.04,utils,https://invisible-island.net/ncurses/,ncurses,all
ncurses-bin,6.1-1ubuntu1.18.04,utils,https://invisible-island.net/ncurses/,ncurses,amd64
ncurses-term,6.1-1ubuntu1.18.04,misc,https://invisible-island.net/ncurses/,ncurses,all
net-tools,1.60+git20161116.90da8a0-1ubuntu1,net,http://sourceforge.net/projects/net-tools/,,amd64
netbase,5.4,admin,,,all
netcat-openbsd,1.187-1ubuntu0.1,net,,,amd64
netplan.io,0.36.3,net,,,amd64
networkd-dispatcher,1.7-0ubuntu3.2,utils,https://github.com/craftyguy/networkd-dispatcher,,all
nplan,0.36.3,net,,netplan.io,all
ntfs-3g,1:2017.3.23-2,otherosfs,http://www.tuxera.com/community/ntfs-3g-advanced/,,amd64
open-iscsi,2.0.874-5ubuntu2.2,net,http://www.open-iscsi.com/,,amd64
open-vm-tools,2:10.3.0-0ubuntu1~18.04.2,admin,https://github.com/vmware/open-vm-tools,,amd64
openssh-client,1:7.6p1-4,net,http://www.openssh.com/,openssh,amd64
openssh-server,1:7.6p1-4,net,http://www.openssh.com/,openssh,amd64
openssh-sftp-server,1:7.6p1-4,net,http://www.openssh.com/,openssh,amd64
openssl,1.1.0g-2ubuntu4.1,utils,https://www.openssl.org/,,amd64
os-prober,1.74ubuntu1,utils,,,amd64
overlayroot,0.40ubuntu1,admin,http://launchpad.net/cloud-initramfs-tools,cloud-initramfs-tools,all
parted,3.2-20,admin,http://www.gnu.org/software/parted,,amd64
passwd,1:4.5-1ubuntu1,admin,https://github.com/shadow-maint/shadow,shadow,amd64
pastebinit,1.5-2,misc,http://launchpad.net/pastebinit/,,all
patch,2.7.6-2ubuntu1,vcs,http://savannah.gnu.org/projects/patch/,,amd64
pciutils,1:3.5.2-1ubuntu1,admin,http://atrey.karlin.mff.cuni.cz/~mj/pciutils.shtml,,amd64
perl,5.26.1-6ubuntu0.2,perl,http://dev.perl.org/perl5/,,amd64
perl-base,5.26.1-6ubuntu0.2,perl,http://dev.perl.org/perl5/,perl,amd64
perl-modules-5.26,5.26.1-6ubuntu0.2,perl,http://dev.perl.org/perl5/,perl,all
pinentry-curses,1.1.0-1,utils,https://www.gnupg.org/related_software/pinentry/,pinentry,amd64
plymouth,0.9.3-1ubuntu7.18.04.1,misc,http://www.freedesktop.org/wiki/Software/Plymouth,,amd64
plymouth-theme-ubuntu-text,0.9.3-1ubuntu7.18.04.1,misc,http://www.freedesktop.org/wiki/Software/Plymouth,plymouth,amd64
policykit-1,0.105-20ubuntu0.18.04.1,admin,https://www.freedesktop.org/wiki/Software/polkit/,,amd64
pollinate,4.33-0ubuntu1~18.04.1,admin,http://launchpad.net/pollinate,,all
popularity-contest,1.66ubuntu1,misc,https://popcon.debian.org/,,all
powermgmt-base,1.33,utils,,,all
procps,2:3.3.12-3ubuntu1.1,admin,https://gitlab.com/procps-ng/procps,,amd64
psmisc,23.1-1,admin,http://psmisc.sf.net/,,amd64
publicsuffix,20180223.1310-1,net,https://publicsuffix.org,,all
python,2.7.15~rc1-1,python,http://www.python.org/,python-defaults,amd64
python-apt-common,1.6.2,python,,python-apt,all
python-crypto,2.6.1-8ubuntu2,python,http://www.pycrypto.org/,,amd64
python-ldb,2:1.2.3-1,python,http://ldb.samba.org/,ldb,amd64
python-minimal,2.7.15~rc1-1,python,http://www.python.org/,python-defaults,amd64
python-samba,2:4.7.6+dfsg~ubuntu-0ubuntu2.2,python,http://www.samba.org,samba,amd64
python-talloc,2.1.10-2ubuntu1,python,https://talloc.samba.org/,talloc,amd64
python-tdb,1.3.15-2,python,http://tdb.samba.org/,tdb,amd64
python2.7,2.7.15~rc1-1,python,,,amd64
python2.7-minimal,2.7.15~rc1-1,python,,python2.7,amd64
python3,3.6.5-3ubuntu1,python,http://www.python.org/,python3-defaults,amd64
python3-apport,2.20.9-0ubuntu7.4,python,https://wiki.ubuntu.com/Apport,apport,all
python3-apt,1.6.2,python,,python-apt,amd64
python3-asn1crypto,0.24.0-1,python,https://github.com/wbond/asn1crypto,asn1crypto,all
python3-attr,17.4.0-2,python,https://attrs.readthedocs.org/,python-attrs,all
python3-automat,0.6.0-1,python,https://github.com/freeekanayaka/systemfixtures,automat,all
python3-blinker,1.4+dfsg1-0.1,python,http://pythonhosted.org/blinker/,blinker,all
python3-certifi,2018.1.18-2,python,https://certifi.io/en/latest/,python-certifi,all
python3-cffi-backend,1.11.5-1,python,http://cffi.readthedocs.org/,python-cffi,amd64
python3-chardet,3.0.4-1,python,https://github.com/chardet/chardet,chardet,all
python3-click,6.7-3,python,https://salsa.debian.org/debian/python-click.git,python-click,all
python3-colorama,0.3.7-1,python,http://pypi.python.org/pypi/colorama/,python-colorama,all
python3-commandnotfound,18.04.5,python,,command-not-found,all
python3-configobj,5.0.6-2,python,http://www.voidspace.org.uk/python/configobj.html,configobj,all
python3-constantly,15.1.0-1,python,https://github.com/twisted/constantly,constantly,all
python3-cryptography,2.1.4-1ubuntu1.2,python,https://cryptography.io/,python-cryptography,amd64
python3-dbus,1.2.6-1,python,http://www.freedesktop.org/wiki/Software/DBusBindings#Python,dbus-python,amd64
python3-debconf,1.5.66,python,,debconf,all
python3-debian,0.1.32,python,,python-debian,all
python3-distro-info,0.18,python,,distro-info,all
python3-distupgrade,1:18.04.26,python,,ubuntu-release-upgrader,all
python3-gdbm,3.6.5-3,python,,python3-stdlib-extensions,amd64
python3-gi,3.26.1-2,python,https://wiki.gnome.org/Projects/PyGObject,pygobject,amd64
python3-httplib2,0.9.2+dfsg-1,python,https://github.com/jcgregorio/httplib2,python-httplib2,all
python3-hyperlink,17.3.1-2,python,https://github.com/python-hyper/hyperlink,hyperlink,all
python3-idna,2.6-1,python,https://github.com/kjd/idna,python-idna,all
python3-incremental,16.10.1-3,python,https://github.com/hawkowl/incremental,incremental,all
python3-jinja2,2.10-1,python,http://jinja.pocoo.org/,jinja2,all
python3-json-pointer,1.10-1,python,https://github.com/stefankoegl/python-json-pointer,python-json-pointer,all
python3-jsonpatch,1.19+really1.16-1fakesync1,python,https://github.com/stefankoegl/python-json-patch,python-json-patch,all
python3-jsonschema,2.6.0-2,python,https://github.com/Julian/jsonschema,python-jsonschema,all
python3-jwt,1.5.3+ds1-1,python,https://github.com/jpadilla/pyjwt,pyjwt,all
python3-markupsafe,1.0-1build1,python,https://pypi.python.org/pypi/MarkupSafe,markupsafe,amd64
python3-minimal,3.6.5-3ubuntu1,python,http://www.python.org/,python3-defaults,amd64
python3-newt,0.52.20-1ubuntu1,python,https://fedorahosted.org/newt/,newt,amd64
python3-oauthlib,2.0.6-1,python,https://github.com/idan/oauthlib,python-oauthlib,all
python3-openssl,17.5.0-1ubuntu1,python,https://pyopenssl.org/,pyopenssl,all
python3-pam,0.4.2-13.2ubuntu4,python,,python-pam,amd64
python3-pkg-resources,39.0.1-2,python,https://pypi.python.org/pypi/setuptools,python-setuptools,all
python3-problem-report,2.20.9-0ubuntu7.4,python,https://wiki.ubuntu.com/Apport,apport,all
python3-pyasn1,0.4.2-3,python,http://pyasn1.sourceforge.net/,pyasn1,all
python3-pyasn1-modules,0.2.1-0.2,python,http://pypi.python.org/pypi/pyasn1-modules,python-pyasn1-modules,all
python3-requests,2.18.4-2,python,http://python-requests.org,requests,all
python3-requests-unixsocket,0.1.5-3,python,https://github.com/msabramo/requests-unixsocket,python-requests-unixsocket,all
python3-serial,3.4-2,python,http://pyserial.sourceforge.net/,pyserial,all
python3-service-identity,16.0.0-2,python,https://pypi.python.org/pypi/service_identity,python-service-identity,all
python3-six,1.11.0-2,python,https://pypi.python.org/pypi/six,six,all
python3-software-properties,0.96.24.32.5,python,,software-properties,all
python3-systemd,234-1build1,python,http://www.freedesktop.org/wiki/Software/systemd,python-systemd,amd64
python3-twisted,17.9.0-2,python,https://twistedmatrix.com/,twisted,all
python3-twisted-bin,17.9.0-2,python,https://twistedmatrix.com/,twisted,amd64
python3-update-manager,1:18.04.11.5,python,,update-manager,all
python3-urllib3,1.22-1,python,http://urllib3.readthedocs.org,python-urllib3,all
python3-yaml,3.12-1build2,python,https://github.com/yaml/pyyaml,pyyaml,amd64
python3-zope.interface,4.3.2-1build2,zope,http://pypi.python.org/pypi/zope.interface,zope.interface,amd64
python3.6,3.6.6-1~18.04,python,,,amd64
python3.6-minimal,3.6.6-1~18.04,python,,python3.6,amd64
readline-common,7.0-3,utils,,readline,all
rsync,3.1.2-2.1ubuntu1,net,http://rsync.samba.org/,,amd64
rsyslog,8.32.0-1ubuntu4,admin,http://www.rsyslog.com/,,amd64
run-one,1.17-0ubuntu1,admin,http://launchpad.net/run-one,,all
samba-common,2:4.7.6+dfsg~ubuntu-0ubuntu2.2,net,http://www.samba.org,samba,all
samba-common-bin,2:4.7.6+dfsg~ubuntu-0ubuntu2.2,net,http://www.samba.org,samba,amd64
samba-libs,2:4.7.6+dfsg~ubuntu-0ubuntu2.2,libs,http://www.samba.org,samba,amd64
sbsigntool,0.6-3.2ubuntu2,utils,,,amd64
screen,4.6.2-1ubuntu1,misc,https://savannah.gnu.org/projects/screen,,amd64
secureboot-db,1.1,utils,,,amd64
sed,4.4-2,utils,https://www.gnu.org/software/sed/,,amd64
sensible-utils,0.0.12,utils,,,all
shared-mime-info,1.9-2,misc,https://freedesktop.org/wiki/Software/shared-mime-info,,amd64
shim,13-0ubuntu2,admin,,,amd64
shim-signed,1.34.9.2+13-0ubuntu2,utils,,shim-signed (1.34.9.2),amd64
snapd,2.34.2+18.04,devel,https://github.com/snapcore/snapd,,amd64
software-properties-common,0.96.24.32.5,admin,,software-properties,all
sosreport,3.5-1ubuntu3.18.04.1,admin,https://github.com/sosreport/sos,,amd64
squashfs-tools,1:4.3-6ubuntu0.18.04.1,kernel,http://squashfs.sourceforge.net/,,amd64
ssh-import-id,5.7-0ubuntu1.1,misc,http://launchpad.net/ssh-import-id,,all
sshpass,1.06-1,utils,http://sourceforge.net/projects/sshpass,,amd64
ssl-cert,1.0.39,utils,,,all
strace,4.21-1ubuntu1,utils,https://strace.io,,amd64
sudo,1.8.21p2-3ubuntu1,admin,http://www.sudo.ws/,,amd64
systemd,237-3ubuntu10.3,admin,https://www.freedesktop.org/wiki/Software/systemd,,amd64
systemd-sysv,237-3ubuntu10.3,admin,https://www.freedesktop.org/wiki/Software/systemd,systemd,amd64
sysvinit-utils,2.88dsf-59.10ubuntu1,admin,http://savannah.nongnu.org/projects/sysvinit,sysvinit,amd64
tar,1.29b-2,utils,,,amd64
tcpdump,4.9.2-3,net,http://www.tcpdump.org/,,amd64
telnet,0.17-41,net,,netkit-telnet,amd64
time,1.7-25.1build1,utils,http://www.gnu.org/software/time,,amd64
tmux,2.6-3,admin,https://tmux.github.io/,,amd64
tzdata,2018e-0ubuntu0.18.04,libs,https://www.iana.org/time-zones,,all
ubuntu-advantage-tools,17,misc,https://buy.ubuntu.com,,all
ubuntu-keyring,2018.02.28,misc,,,all
ubuntu-minimal,1.417,metapackages,,ubuntu-meta,amd64
ubuntu-release-upgrader-core,1:18.04.26,admin,,ubuntu-release-upgrader,all
ubuntu-server,1.417,metapackages,,ubuntu-meta,amd64
ubuntu-standard,1.417,metapackages,,ubuntu-meta,amd64
ucf,3.0038,utils,,,all
udev,237-3ubuntu10.3,admin,https://www.freedesktop.org/wiki/Software/systemd,systemd,amd64
ufw,0.35-5,admin,https://launchpad.net/ufw,,all
uidmap,1:4.5-1ubuntu1,admin,https://github.com/shadow-maint/shadow,shadow,amd64
unattended-upgrades,1.1ubuntu1.18.04.5,admin,,,all
update-manager-core,1:18.04.11.5,admin,,update-manager,all
update-notifier-common,3.192.1.3,gnome,,update-notifier,all
ureadahead,0.100.0-20,admin,,,amd64
usbutils,1:007-4build1,utils,https://github.com/gregkh/usbutils,,amd64
util-linux,2.31.1-0.4ubuntu3.1,utils,,,amd64
uuid-runtime,2.31.1-0.4ubuntu3.1,utils,,util-linux,amd64
vim,2:8.0.1453-1ubuntu1,editors,https://vim.sourceforge.io/,,amd64
vim-common,2:8.0.1453-1ubuntu1,editors,https://vim.sourceforge.io/,vim,all
vim-runtime,2:8.0.1453-1ubuntu1,editors,https://vim.sourceforge.io/,vim,all
vim-tiny,2:8.0.1453-1ubuntu1,editors,https://vim.sourceforge.io/,vim,amd64
walinuxagent,2.2.21+really2.2.20-0ubuntu3,python,http://go.microsoft.com/fwlink/?LinkId=250998,,amd64
wget,1.19.4-1ubuntu2.1,web,https://www.gnu.org/software/wget/,,amd64
whiptail,0.52.20-1ubuntu1,utils,https://fedorahosted.org/newt/,newt,amd64
xauth,1:1.0.10-1,x11,,,amd64
xdelta3,3.0.11-dfsg-1ubuntu1,utils,,,amd64
xdg-user-dirs,0.17-1ubuntu1,utils,http://www.freedesktop.org/wiki/Software/xdg-user-dirs,,amd64
xfsprogs,4.9.0+nmu1ubuntu2,admin,http://xfs.org/,,amd64
xkb-data,2.23.1-1ubuntu1,x11,https://www.freedesktop.org/Software/XKeyboardConfig,xkeyboard-config,all
xxd,2:8.0.1453-1ubuntu1,editors,https://vim.sourceforge.io/,vim,amd64
xz-utils,5.2.2-1.3,utils,http://tukaani.org/xz/,,amd64
zerofree,1.0.4-1,admin,https://frippery.org/uml/,,amd64
zlib1g,1:1.2.11.dfsg-0ubuntu2,libs,http://zlib.net/,zlib,amd64
